target,location,season,forecast date,observation,observation2
onset,US,2015/2016,,3,NA
pkwk,US,2015/2016,,10,NA
pkper,US,2015/2016,,3.6,NA
onset,Region1,2015/2016,,51,NA
pkwk,Region1,2015/2016,,10,NA
pkper,Region1,2015/2016,,2.5,NA
onset,Region2,2015/2016,,4,NA
pkwk,Region2,2015/2016,,11,NA
pkper,Region2,2015/2016,,4.1,NA
onset,Region3,2015/2016,,47,NA
pkwk,Region3,2015/2016,,10,NA
pkper,Region3,2015/2016,,4,NA
onset,Region4,2015/2016,,3,NA
pkwk,Region4,2015/2016,,10,NA
pkper,Region4,2015/2016,,3.6,NA
onset,Region5,2015/2016,,7,NA
pkwk,Region5,2015/2016,,10,NA
pkper,Region5,2015/2016,,3.3,NA
onset,Region6,2015/2016,,47,NA
pkwk,Region6,2015/2016,,7,NA
pkper,Region6,2015/2016,,5.6,NA
onset,Region7,2015/2016,,7,NA
pkwk,Region7,2015/2016,,10,NA
pkper,Region7,2015/2016,,2.5,NA
onset,Region8,2015/2016,,5,NA
pkwk,Region8,2015/2016,,8,11
pkper,Region8,2015/2016,,2.2,NA
onset,Region9,2015/2016,,3,NA
pkwk,Region9,2015/2016,,7,NA
pkper,Region9,2015/2016,,4.4,NA
onset,Region10,2015/2016,,2,NA
pkwk,Region10,2015/2016,,7,NA
pkper,Region10,2015/2016,,2.4,NA
1wk,region1,2015/2016,11/2/2015,0.767136,
1wk,region1,2015/2016,11/9/2015,0.923337,
1wk,region1,2015/2016,11/16/2015,0.767975,
1wk,region1,2015/2016,11/23/2015,0.736201,
1wk,region1,2015/2016,12/1/2015,0.954736,
1wk,region1,2015/2016,12/7/2015,0.807851,
1wk,region1,2015/2016,12/14/2015,0.975831,
1wk,region1,2015/2016,12/21/2015,1.03668,
1wk,region1,2015/2016,12/30/2015,1.38302,
1wk,region1,2015/2016,1/6/2016,1.59869,
1wk,region1,2015/2016,1/11/2016,1.32779,
1wk,region1,2015/2016,1/18/2016,1.40757,
1wk,region1,2015/2016,1/25/2016,1.51447,
1wk,region1,2015/2016,2/1/2016,1.70551,
1wk,region1,2015/2016,2/8/2016,1.80717,
1wk,region1,2015/2016,2/15/2016,1.9911,
1wk,region1,2015/2016,2/22/2016,1.98808,
1wk,region1,2015/2016,2/29/2016,1.97011,
1wk,region1,2015/2016,3/7/2016,2.00001,
1wk,region1,2015/2016,3/14/2016,2.54487,
1wk,region1,2015/2016,3/21/2016,2.20908,
1wk,region1,2015/2016,3/28/2016,2.01418,
1wk,region1,2015/2016,4/4/2016,2.04122,
1wk,region1,2015/2016,4/11/2016,1.7142,
1wk,region1,2015/2016,4/18/2016,1.57636,
1wk,region1,2015/2016,4/25/2016,1.62609,
1wk,region1,2015/2016,5/2/2016,1.13384,
1wk,region1,2015/2016,5/9/2016,1.06983,
1wk,region1,2015/2016,5/16/2016,0.899248,
2wk,region1,2015/2016,11/2/2015,0.923337,
2wk,region1,2015/2016,11/9/2015,0.767975,
2wk,region1,2015/2016,11/16/2015,0.736201,
2wk,region1,2015/2016,11/23/2015,0.954736,
2wk,region1,2015/2016,12/1/2015,0.807851,
2wk,region1,2015/2016,12/7/2015,0.975831,
2wk,region1,2015/2016,12/14/2015,1.03668,
2wk,region1,2015/2016,12/21/2015,1.38302,
2wk,region1,2015/2016,12/30/2015,1.59869,
2wk,region1,2015/2016,1/6/2016,1.32779,
2wk,region1,2015/2016,1/11/2016,1.40757,
2wk,region1,2015/2016,1/18/2016,1.51447,
2wk,region1,2015/2016,1/25/2016,1.70551,
2wk,region1,2015/2016,2/1/2016,1.80717,
2wk,region1,2015/2016,2/8/2016,1.9911,
2wk,region1,2015/2016,2/15/2016,1.98808,
2wk,region1,2015/2016,2/22/2016,1.97011,
2wk,region1,2015/2016,2/29/2016,2.00001,
2wk,region1,2015/2016,3/7/2016,2.54487,
2wk,region1,2015/2016,3/14/2016,2.20908,
2wk,region1,2015/2016,3/21/2016,2.01418,
2wk,region1,2015/2016,3/28/2016,2.04122,
2wk,region1,2015/2016,4/4/2016,1.7142,
2wk,region1,2015/2016,4/11/2016,1.57636,
2wk,region1,2015/2016,4/18/2016,1.62609,
2wk,region1,2015/2016,4/25/2016,1.13384,
2wk,region1,2015/2016,5/2/2016,1.06983,
2wk,region1,2015/2016,5/9/2016,0.899248,
2wk,region1,2015/2016,5/16/2016,0.896441,
3wk,region1,2015/2016,11/2/2015,0.767975,
3wk,region1,2015/2016,11/9/2015,0.736201,
3wk,region1,2015/2016,11/16/2015,0.954736,
3wk,region1,2015/2016,11/23/2015,0.807851,
3wk,region1,2015/2016,12/1/2015,0.975831,
3wk,region1,2015/2016,12/7/2015,1.03668,
3wk,region1,2015/2016,12/14/2015,1.38302,
3wk,region1,2015/2016,12/21/2015,1.59869,
3wk,region1,2015/2016,12/30/2015,1.32779,
3wk,region1,2015/2016,1/6/2016,1.40757,
3wk,region1,2015/2016,1/11/2016,1.51447,
3wk,region1,2015/2016,1/18/2016,1.70551,
3wk,region1,2015/2016,1/25/2016,1.80717,
3wk,region1,2015/2016,2/1/2016,1.9911,
3wk,region1,2015/2016,2/8/2016,1.98808,
3wk,region1,2015/2016,2/15/2016,1.97011,
3wk,region1,2015/2016,2/22/2016,2.00001,
3wk,region1,2015/2016,2/29/2016,2.54487,
3wk,region1,2015/2016,3/7/2016,2.20908,
3wk,region1,2015/2016,3/14/2016,2.01418,
3wk,region1,2015/2016,3/21/2016,2.04122,
3wk,region1,2015/2016,3/28/2016,1.7142,
3wk,region1,2015/2016,4/4/2016,1.57636,
3wk,region1,2015/2016,4/11/2016,1.62609,
3wk,region1,2015/2016,4/18/2016,1.13384,
3wk,region1,2015/2016,4/25/2016,1.06983,
3wk,region1,2015/2016,5/2/2016,0.899248,
3wk,region1,2015/2016,5/9/2016,0.896441,
3wk,region1,2015/2016,5/16/2016,0.844339,
4wk,region1,2015/2016,11/2/2015,0.736201,
4wk,region1,2015/2016,11/9/2015,0.954736,
4wk,region1,2015/2016,11/16/2015,0.807851,
4wk,region1,2015/2016,11/23/2015,0.975831,
4wk,region1,2015/2016,12/1/2015,1.03668,
4wk,region1,2015/2016,12/7/2015,1.38302,
4wk,region1,2015/2016,12/14/2015,1.59869,
4wk,region1,2015/2016,12/21/2015,1.32779,
4wk,region1,2015/2016,12/30/2015,1.40757,
4wk,region1,2015/2016,1/6/2016,1.51447,
4wk,region1,2015/2016,1/11/2016,1.70551,
4wk,region1,2015/2016,1/18/2016,1.80717,
4wk,region1,2015/2016,1/25/2016,1.9911,
4wk,region1,2015/2016,2/1/2016,1.98808,
4wk,region1,2015/2016,2/8/2016,1.97011,
4wk,region1,2015/2016,2/15/2016,2.00001,
4wk,region1,2015/2016,2/22/2016,2.54487,
4wk,region1,2015/2016,2/29/2016,2.20908,
4wk,region1,2015/2016,3/7/2016,2.01418,
4wk,region1,2015/2016,3/14/2016,2.04122,
4wk,region1,2015/2016,3/21/2016,1.7142,
4wk,region1,2015/2016,3/28/2016,1.57636,
4wk,region1,2015/2016,4/4/2016,1.62609,
4wk,region1,2015/2016,4/11/2016,1.13384,
4wk,region1,2015/2016,4/18/2016,1.06983,
4wk,region1,2015/2016,4/25/2016,0.899248,
4wk,region1,2015/2016,5/2/2016,0.896441,
4wk,region1,2015/2016,5/9/2016,0.844339,
4wk,region1,2015/2016,5/16/2016,0.715984,
1wk,region10,2015/2016,11/2/2015,0.853014,
1wk,region10,2015/2016,11/9/2015,0.526763,
1wk,region10,2015/2016,11/16/2015,0.891904,
1wk,region10,2015/2016,11/23/2015,0.694108,
1wk,region10,2015/2016,12/1/2015,0.82039,
1wk,region10,2015/2016,12/7/2015,0.812498,
1wk,region10,2015/2016,12/14/2015,0.594886,
1wk,region10,2015/2016,12/21/2015,0.658719,
1wk,region10,2015/2016,12/30/2015,0.66188,
1wk,region10,2015/2016,1/6/2016,0.791975,
1wk,region10,2015/2016,1/11/2016,0.888661,
1wk,region10,2015/2016,1/18/2016,1.1,
1wk,region10,2015/2016,1/25/2016,1.3789,
1wk,region10,2015/2016,2/1/2016,1.41403,
1wk,region10,2015/2016,2/8/2016,1.65259,
1wk,region10,2015/2016,2/15/2016,1.73793,
1wk,region10,2015/2016,2/22/2016,2.44289,
1wk,region10,2015/2016,2/29/2016,2.13499,
1wk,region10,2015/2016,3/7/2016,1.98941,
1wk,region10,2015/2016,3/14/2016,2.21239,
1wk,region10,2015/2016,3/21/2016,2.17566,
1wk,region10,2015/2016,3/28/2016,1.707,
1wk,region10,2015/2016,4/4/2016,1.77751,
1wk,region10,2015/2016,4/11/2016,1.71131,
1wk,region10,2015/2016,4/18/2016,0.994849,
1wk,region10,2015/2016,4/25/2016,0.797965,
1wk,region10,2015/2016,5/2/2016,0.74733,
1wk,region10,2015/2016,5/9/2016,0.940669,
1wk,region10,2015/2016,5/16/2016,0.529396,
2wk,region10,2015/2016,11/2/2015,0.526763,
2wk,region10,2015/2016,11/9/2015,0.891904,
2wk,region10,2015/2016,11/16/2015,0.694108,
2wk,region10,2015/2016,11/23/2015,0.82039,
2wk,region10,2015/2016,12/1/2015,0.812498,
2wk,region10,2015/2016,12/7/2015,0.594886,
2wk,region10,2015/2016,12/14/2015,0.658719,
2wk,region10,2015/2016,12/21/2015,0.66188,
2wk,region10,2015/2016,12/30/2015,0.791975,
2wk,region10,2015/2016,1/6/2016,0.888661,
2wk,region10,2015/2016,1/11/2016,1.1,
2wk,region10,2015/2016,1/18/2016,1.3789,
2wk,region10,2015/2016,1/25/2016,1.41403,
2wk,region10,2015/2016,2/1/2016,1.65259,
2wk,region10,2015/2016,2/8/2016,1.73793,
2wk,region10,2015/2016,2/15/2016,2.44289,
2wk,region10,2015/2016,2/22/2016,2.13499,
2wk,region10,2015/2016,2/29/2016,1.98941,
2wk,region10,2015/2016,3/7/2016,2.21239,
2wk,region10,2015/2016,3/14/2016,2.17566,
2wk,region10,2015/2016,3/21/2016,1.707,
2wk,region10,2015/2016,3/28/2016,1.77751,
2wk,region10,2015/2016,4/4/2016,1.71131,
2wk,region10,2015/2016,4/11/2016,0.994849,
2wk,region10,2015/2016,4/18/2016,0.797965,
2wk,region10,2015/2016,4/25/2016,0.74733,
2wk,region10,2015/2016,5/2/2016,0.940669,
2wk,region10,2015/2016,5/9/2016,0.529396,
2wk,region10,2015/2016,5/16/2016,0.530742,
3wk,region10,2015/2016,11/2/2015,0.891904,
3wk,region10,2015/2016,11/9/2015,0.694108,
3wk,region10,2015/2016,11/16/2015,0.82039,
3wk,region10,2015/2016,11/23/2015,0.812498,
3wk,region10,2015/2016,12/1/2015,0.594886,
3wk,region10,2015/2016,12/7/2015,0.658719,
3wk,region10,2015/2016,12/14/2015,0.66188,
3wk,region10,2015/2016,12/21/2015,0.791975,
3wk,region10,2015/2016,12/30/2015,0.888661,
3wk,region10,2015/2016,1/6/2016,1.1,
3wk,region10,2015/2016,1/11/2016,1.3789,
3wk,region10,2015/2016,1/18/2016,1.41403,
3wk,region10,2015/2016,1/25/2016,1.65259,
3wk,region10,2015/2016,2/1/2016,1.73793,
3wk,region10,2015/2016,2/8/2016,2.44289,
3wk,region10,2015/2016,2/15/2016,2.13499,
3wk,region10,2015/2016,2/22/2016,1.98941,
3wk,region10,2015/2016,2/29/2016,2.21239,
3wk,region10,2015/2016,3/7/2016,2.17566,
3wk,region10,2015/2016,3/14/2016,1.707,
3wk,region10,2015/2016,3/21/2016,1.77751,
3wk,region10,2015/2016,3/28/2016,1.71131,
3wk,region10,2015/2016,4/4/2016,0.994849,
3wk,region10,2015/2016,4/11/2016,0.797965,
3wk,region10,2015/2016,4/18/2016,0.74733,
3wk,region10,2015/2016,4/25/2016,0.940669,
3wk,region10,2015/2016,5/2/2016,0.529396,
3wk,region10,2015/2016,5/9/2016,0.530742,
3wk,region10,2015/2016,5/16/2016,0.206955,
4wk,region10,2015/2016,11/2/2015,0.694108,
4wk,region10,2015/2016,11/9/2015,0.82039,
4wk,region10,2015/2016,11/16/2015,0.812498,
4wk,region10,2015/2016,11/23/2015,0.594886,
4wk,region10,2015/2016,12/1/2015,0.658719,
4wk,region10,2015/2016,12/7/2015,0.66188,
4wk,region10,2015/2016,12/14/2015,0.791975,
4wk,region10,2015/2016,12/21/2015,0.888661,
4wk,region10,2015/2016,12/30/2015,1.1,
4wk,region10,2015/2016,1/6/2016,1.3789,
4wk,region10,2015/2016,1/11/2016,1.41403,
4wk,region10,2015/2016,1/18/2016,1.65259,
4wk,region10,2015/2016,1/25/2016,1.73793,
4wk,region10,2015/2016,2/1/2016,2.44289,
4wk,region10,2015/2016,2/8/2016,2.13499,
4wk,region10,2015/2016,2/15/2016,1.98941,
4wk,region10,2015/2016,2/22/2016,2.21239,
4wk,region10,2015/2016,2/29/2016,2.17566,
4wk,region10,2015/2016,3/7/2016,1.707,
4wk,region10,2015/2016,3/14/2016,1.77751,
4wk,region10,2015/2016,3/21/2016,1.71131,
4wk,region10,2015/2016,3/28/2016,0.994849,
4wk,region10,2015/2016,4/4/2016,0.797965,
4wk,region10,2015/2016,4/11/2016,0.74733,
4wk,region10,2015/2016,4/18/2016,0.940669,
4wk,region10,2015/2016,4/25/2016,0.529396,
4wk,region10,2015/2016,5/2/2016,0.530742,
4wk,region10,2015/2016,5/9/2016,0.206955,
4wk,region10,2015/2016,5/16/2016,0.187745,
1wk,region2,2015/2016,11/2/2015,1.10278,
1wk,region2,2015/2016,11/9/2015,1.21684,
1wk,region2,2015/2016,11/16/2015,1.07336,
1wk,region2,2015/2016,11/23/2015,1.3633,
1wk,region2,2015/2016,12/1/2015,1.35069,
1wk,region2,2015/2016,12/7/2015,1.57092,
1wk,region2,2015/2016,12/14/2015,1.86092,
1wk,region2,2015/2016,12/21/2015,1.74541,
1wk,region2,2015/2016,12/30/2015,2.29498,
1wk,region2,2015/2016,1/6/2016,2.30133,
1wk,region2,2015/2016,1/11/2016,1.77591,
1wk,region2,2015/2016,1/18/2016,2.37764,
1wk,region2,2015/2016,1/25/2016,2.18428,
1wk,region2,2015/2016,2/1/2016,2.32815,
1wk,region2,2015/2016,2/8/2016,2.50124,
1wk,region2,2015/2016,2/15/2016,3.22646,
1wk,region2,2015/2016,2/22/2016,2.76832,
1wk,region2,2015/2016,2/29/2016,3.17342,
1wk,region2,2015/2016,3/7/2016,3.69465,
1wk,region2,2015/2016,3/14/2016,4.01335,
1wk,region2,2015/2016,3/21/2016,4.07985,
1wk,region2,2015/2016,3/28/2016,3.34526,
1wk,region2,2015/2016,4/4/2016,2.3,
1wk,region2,2015/2016,4/11/2016,1.9742,
1wk,region2,2015/2016,4/18/2016,2.22224,
1wk,region2,2015/2016,4/25/2016,2.00991,
1wk,region2,2015/2016,5/2/2016,1.6754,
1wk,region2,2015/2016,5/9/2016,1.4765,
1wk,region2,2015/2016,5/16/2016,1.28867,
2wk,region2,2015/2016,11/2/2015,1.21684,
2wk,region2,2015/2016,11/9/2015,1.07336,
2wk,region2,2015/2016,11/16/2015,1.3633,
2wk,region2,2015/2016,11/23/2015,1.35069,
2wk,region2,2015/2016,12/1/2015,1.57092,
2wk,region2,2015/2016,12/7/2015,1.86092,
2wk,region2,2015/2016,12/14/2015,1.74541,
2wk,region2,2015/2016,12/21/2015,2.29498,
2wk,region2,2015/2016,12/30/2015,2.30133,
2wk,region2,2015/2016,1/6/2016,1.77591,
2wk,region2,2015/2016,1/11/2016,2.37764,
2wk,region2,2015/2016,1/18/2016,2.18428,
2wk,region2,2015/2016,1/25/2016,2.32815,
2wk,region2,2015/2016,2/1/2016,2.50124,
2wk,region2,2015/2016,2/8/2016,3.22646,
2wk,region2,2015/2016,2/15/2016,2.76832,
2wk,region2,2015/2016,2/22/2016,3.17342,
2wk,region2,2015/2016,2/29/2016,3.69465,
2wk,region2,2015/2016,3/7/2016,4.01335,
2wk,region2,2015/2016,3/14/2016,4.07985,
2wk,region2,2015/2016,3/21/2016,3.34526,
2wk,region2,2015/2016,3/28/2016,2.3,
2wk,region2,2015/2016,4/4/2016,1.9742,
2wk,region2,2015/2016,4/11/2016,2.22224,
2wk,region2,2015/2016,4/18/2016,2.00991,
2wk,region2,2015/2016,4/25/2016,1.6754,
2wk,region2,2015/2016,5/2/2016,1.4765,
2wk,region2,2015/2016,5/9/2016,1.28867,
2wk,region2,2015/2016,5/16/2016,1.25627,
3wk,region2,2015/2016,11/2/2015,1.07336,
3wk,region2,2015/2016,11/9/2015,1.3633,
3wk,region2,2015/2016,11/16/2015,1.35069,
3wk,region2,2015/2016,11/23/2015,1.57092,
3wk,region2,2015/2016,12/1/2015,1.86092,
3wk,region2,2015/2016,12/7/2015,1.74541,
3wk,region2,2015/2016,12/14/2015,2.29498,
3wk,region2,2015/2016,12/21/2015,2.30133,
3wk,region2,2015/2016,12/30/2015,1.77591,
3wk,region2,2015/2016,1/6/2016,2.37764,
3wk,region2,2015/2016,1/11/2016,2.18428,
3wk,region2,2015/2016,1/18/2016,2.32815,
3wk,region2,2015/2016,1/25/2016,2.50124,
3wk,region2,2015/2016,2/1/2016,3.22646,
3wk,region2,2015/2016,2/8/2016,2.76832,
3wk,region2,2015/2016,2/15/2016,3.17342,
3wk,region2,2015/2016,2/22/2016,3.69465,
3wk,region2,2015/2016,2/29/2016,4.01335,
3wk,region2,2015/2016,3/7/2016,4.07985,
3wk,region2,2015/2016,3/14/2016,3.34526,
3wk,region2,2015/2016,3/21/2016,2.3,
3wk,region2,2015/2016,3/28/2016,1.9742,
3wk,region2,2015/2016,4/4/2016,2.22224,
3wk,region2,2015/2016,4/11/2016,2.00991,
3wk,region2,2015/2016,4/18/2016,1.6754,
3wk,region2,2015/2016,4/25/2016,1.4765,
3wk,region2,2015/2016,5/2/2016,1.28867,
3wk,region2,2015/2016,5/9/2016,1.25627,
3wk,region2,2015/2016,5/16/2016,1.21889,
4wk,region2,2015/2016,11/2/2015,1.3633,
4wk,region2,2015/2016,11/9/2015,1.35069,
4wk,region2,2015/2016,11/16/2015,1.57092,
4wk,region2,2015/2016,11/23/2015,1.86092,
4wk,region2,2015/2016,12/1/2015,1.74541,
4wk,region2,2015/2016,12/7/2015,2.29498,
4wk,region2,2015/2016,12/14/2015,2.30133,
4wk,region2,2015/2016,12/21/2015,1.77591,
4wk,region2,2015/2016,12/30/2015,2.37764,
4wk,region2,2015/2016,1/6/2016,2.18428,
4wk,region2,2015/2016,1/11/2016,2.32815,
4wk,region2,2015/2016,1/18/2016,2.50124,
4wk,region2,2015/2016,1/25/2016,3.22646,
4wk,region2,2015/2016,2/1/2016,2.76832,
4wk,region2,2015/2016,2/8/2016,3.17342,
4wk,region2,2015/2016,2/15/2016,3.69465,
4wk,region2,2015/2016,2/22/2016,4.01335,
4wk,region2,2015/2016,2/29/2016,4.07985,
4wk,region2,2015/2016,3/7/2016,3.34526,
4wk,region2,2015/2016,3/14/2016,2.3,
4wk,region2,2015/2016,3/21/2016,1.9742,
4wk,region2,2015/2016,3/28/2016,2.22224,
4wk,region2,2015/2016,4/4/2016,2.00991,
4wk,region2,2015/2016,4/11/2016,1.6754,
4wk,region2,2015/2016,4/18/2016,1.4765,
4wk,region2,2015/2016,4/25/2016,1.28867,
4wk,region2,2015/2016,5/2/2016,1.25627,
4wk,region2,2015/2016,5/9/2016,1.21889,
4wk,region2,2015/2016,5/16/2016,0.834456,
1wk,region3,2015/2016,11/2/2015,1.39535,
1wk,region3,2015/2016,11/9/2015,1.53198,
1wk,region3,2015/2016,11/16/2015,1.57587,
1wk,region3,2015/2016,11/23/2015,1.72001,
1wk,region3,2015/2016,12/1/2015,2.17414,
1wk,region3,2015/2016,12/7/2015,1.83996,
1wk,region3,2015/2016,12/14/2015,2.02023,
1wk,region3,2015/2016,12/21/2015,2.27837,
1wk,region3,2015/2016,12/30/2015,2.81511,
1wk,region3,2015/2016,1/6/2016,2.97706,
1wk,region3,2015/2016,1/11/2016,2.38365,
1wk,region3,2015/2016,1/18/2016,2.32746,
1wk,region3,2015/2016,1/25/2016,2.28403,
1wk,region3,2015/2016,2/1/2016,2.23747,
1wk,region3,2015/2016,2/8/2016,1.97779,
1wk,region3,2015/2016,2/15/2016,2.25924,
1wk,region3,2015/2016,2/22/2016,2.5782,
1wk,region3,2015/2016,2/29/2016,2.92751,
1wk,region3,2015/2016,3/7/2016,3.28807,
1wk,region3,2015/2016,3/14/2016,3.98252,
1wk,region3,2015/2016,3/21/2016,3.21284,
1wk,region3,2015/2016,3/28/2016,2.99606,
1wk,region3,2015/2016,4/4/2016,2.50929,
1wk,region3,2015/2016,4/11/2016,2.09474,
1wk,region3,2015/2016,4/18/2016,2.18285,
1wk,region3,2015/2016,4/25/2016,2.29379,
1wk,region3,2015/2016,5/2/2016,2.15528,
1wk,region3,2015/2016,5/9/2016,1.88899,
1wk,region3,2015/2016,5/16/2016,1.72984,
2wk,region3,2015/2016,11/2/2015,1.53198,
2wk,region3,2015/2016,11/9/2015,1.57587,
2wk,region3,2015/2016,11/16/2015,1.72001,
2wk,region3,2015/2016,11/23/2015,2.17414,
2wk,region3,2015/2016,12/1/2015,1.83996,
2wk,region3,2015/2016,12/7/2015,2.02023,
2wk,region3,2015/2016,12/14/2015,2.27837,
2wk,region3,2015/2016,12/21/2015,2.81511,
2wk,region3,2015/2016,12/30/2015,2.97706,
2wk,region3,2015/2016,1/6/2016,2.38365,
2wk,region3,2015/2016,1/11/2016,2.32746,
2wk,region3,2015/2016,1/18/2016,2.28403,
2wk,region3,2015/2016,1/25/2016,2.23747,
2wk,region3,2015/2016,2/1/2016,1.97779,
2wk,region3,2015/2016,2/8/2016,2.25924,
2wk,region3,2015/2016,2/15/2016,2.5782,
2wk,region3,2015/2016,2/22/2016,2.92751,
2wk,region3,2015/2016,2/29/2016,3.28807,
2wk,region3,2015/2016,3/7/2016,3.98252,
2wk,region3,2015/2016,3/14/2016,3.21284,
2wk,region3,2015/2016,3/21/2016,2.99606,
2wk,region3,2015/2016,3/28/2016,2.50929,
2wk,region3,2015/2016,4/4/2016,2.09474,
2wk,region3,2015/2016,4/11/2016,2.18285,
2wk,region3,2015/2016,4/18/2016,2.29379,
2wk,region3,2015/2016,4/25/2016,2.15528,
2wk,region3,2015/2016,5/2/2016,1.88899,
2wk,region3,2015/2016,5/9/2016,1.72984,
2wk,region3,2015/2016,5/16/2016,1.66239,
3wk,region3,2015/2016,11/2/2015,1.57587,
3wk,region3,2015/2016,11/9/2015,1.72001,
3wk,region3,2015/2016,11/16/2015,2.17414,
3wk,region3,2015/2016,11/23/2015,1.83996,
3wk,region3,2015/2016,12/1/2015,2.02023,
3wk,region3,2015/2016,12/7/2015,2.27837,
3wk,region3,2015/2016,12/14/2015,2.81511,
3wk,region3,2015/2016,12/21/2015,2.97706,
3wk,region3,2015/2016,12/30/2015,2.38365,
3wk,region3,2015/2016,1/6/2016,2.32746,
3wk,region3,2015/2016,1/11/2016,2.28403,
3wk,region3,2015/2016,1/18/2016,2.23747,
3wk,region3,2015/2016,1/25/2016,1.97779,
3wk,region3,2015/2016,2/1/2016,2.25924,
3wk,region3,2015/2016,2/8/2016,2.5782,
3wk,region3,2015/2016,2/15/2016,2.92751,
3wk,region3,2015/2016,2/22/2016,3.28807,
3wk,region3,2015/2016,2/29/2016,3.98252,
3wk,region3,2015/2016,3/7/2016,3.21284,
3wk,region3,2015/2016,3/14/2016,2.99606,
3wk,region3,2015/2016,3/21/2016,2.50929,
3wk,region3,2015/2016,3/28/2016,2.09474,
3wk,region3,2015/2016,4/4/2016,2.18285,
3wk,region3,2015/2016,4/11/2016,2.29379,
3wk,region3,2015/2016,4/18/2016,2.15528,
3wk,region3,2015/2016,4/25/2016,1.88899,
3wk,region3,2015/2016,5/2/2016,1.72984,
3wk,region3,2015/2016,5/9/2016,1.66239,
3wk,region3,2015/2016,5/16/2016,1.60803,
4wk,region3,2015/2016,11/2/2015,1.72001,
4wk,region3,2015/2016,11/9/2015,2.17414,
4wk,region3,2015/2016,11/16/2015,1.83996,
4wk,region3,2015/2016,11/23/2015,2.02023,
4wk,region3,2015/2016,12/1/2015,2.27837,
4wk,region3,2015/2016,12/7/2015,2.81511,
4wk,region3,2015/2016,12/14/2015,2.97706,
4wk,region3,2015/2016,12/21/2015,2.38365,
4wk,region3,2015/2016,12/30/2015,2.32746,
4wk,region3,2015/2016,1/6/2016,2.28403,
4wk,region3,2015/2016,1/11/2016,2.23747,
4wk,region3,2015/2016,1/18/2016,1.97779,
4wk,region3,2015/2016,1/25/2016,2.25924,
4wk,region3,2015/2016,2/1/2016,2.5782,
4wk,region3,2015/2016,2/8/2016,2.92751,
4wk,region3,2015/2016,2/15/2016,3.28807,
4wk,region3,2015/2016,2/22/2016,3.98252,
4wk,region3,2015/2016,2/29/2016,3.21284,
4wk,region3,2015/2016,3/7/2016,2.99606,
4wk,region3,2015/2016,3/14/2016,2.50929,
4wk,region3,2015/2016,3/21/2016,2.09474,
4wk,region3,2015/2016,3/28/2016,2.18285,
4wk,region3,2015/2016,4/4/2016,2.29379,
4wk,region3,2015/2016,4/11/2016,2.15528,
4wk,region3,2015/2016,4/18/2016,1.88899,
4wk,region3,2015/2016,4/25/2016,1.72984,
4wk,region3,2015/2016,5/2/2016,1.66239,
4wk,region3,2015/2016,5/9/2016,1.60803,
4wk,region3,2015/2016,5/16/2016,1.85799,
1wk,region4,2015/2016,11/2/2015,1.07437,
1wk,region4,2015/2016,11/9/2015,1.08652,
1wk,region4,2015/2016,11/16/2015,1.15319,
1wk,region4,2015/2016,11/23/2015,1.33627,
1wk,region4,2015/2016,12/1/2015,1.67671,
1wk,region4,2015/2016,12/7/2015,1.38019,
1wk,region4,2015/2016,12/14/2015,1.39325,
1wk,region4,2015/2016,12/21/2015,1.54031,
1wk,region4,2015/2016,12/30/2015,1.91839,
1wk,region4,2015/2016,1/6/2016,1.79477,
1wk,region4,2015/2016,1/11/2016,1.42303,
1wk,region4,2015/2016,1/18/2016,1.52679,
1wk,region4,2015/2016,1/25/2016,1.79656,
1wk,region4,2015/2016,2/1/2016,1.88048,
1wk,region4,2015/2016,2/8/2016,2.08757,
1wk,region4,2015/2016,2/15/2016,2.31665,
1wk,region4,2015/2016,2/22/2016,2.93945,
1wk,region4,2015/2016,2/29/2016,3.35558,
1wk,region4,2015/2016,3/7/2016,3.30622,
1wk,region4,2015/2016,3/14/2016,3.62199,
1wk,region4,2015/2016,3/21/2016,2.89248,
1wk,region4,2015/2016,3/28/2016,2.78744,
1wk,region4,2015/2016,4/4/2016,2.67521,
1wk,region4,2015/2016,4/11/2016,2.14815,
1wk,region4,2015/2016,4/18/2016,2.03974,
1wk,region4,2015/2016,4/25/2016,2.02476,
1wk,region4,2015/2016,5/2/2016,1.80236,
1wk,region4,2015/2016,5/9/2016,1.69895,
1wk,region4,2015/2016,5/16/2016,1.42414,
2wk,region4,2015/2016,11/2/2015,1.08652,
2wk,region4,2015/2016,11/9/2015,1.15319,
2wk,region4,2015/2016,11/16/2015,1.33627,
2wk,region4,2015/2016,11/23/2015,1.67671,
2wk,region4,2015/2016,12/1/2015,1.38019,
2wk,region4,2015/2016,12/7/2015,1.39325,
2wk,region4,2015/2016,12/14/2015,1.54031,
2wk,region4,2015/2016,12/21/2015,1.91839,
2wk,region4,2015/2016,12/30/2015,1.79477,
2wk,region4,2015/2016,1/6/2016,1.42303,
2wk,region4,2015/2016,1/11/2016,1.52679,
2wk,region4,2015/2016,1/18/2016,1.79656,
2wk,region4,2015/2016,1/25/2016,1.88048,
2wk,region4,2015/2016,2/1/2016,2.08757,
2wk,region4,2015/2016,2/8/2016,2.31665,
2wk,region4,2015/2016,2/15/2016,2.93945,
2wk,region4,2015/2016,2/22/2016,3.35558,
2wk,region4,2015/2016,2/29/2016,3.30622,
2wk,region4,2015/2016,3/7/2016,3.62199,
2wk,region4,2015/2016,3/14/2016,2.89248,
2wk,region4,2015/2016,3/21/2016,2.78744,
2wk,region4,2015/2016,3/28/2016,2.67521,
2wk,region4,2015/2016,4/4/2016,2.14815,
2wk,region4,2015/2016,4/11/2016,2.03974,
2wk,region4,2015/2016,4/18/2016,2.02476,
2wk,region4,2015/2016,4/25/2016,1.80236,
2wk,region4,2015/2016,5/2/2016,1.69895,
2wk,region4,2015/2016,5/9/2016,1.42414,
2wk,region4,2015/2016,5/16/2016,1.22519,
3wk,region4,2015/2016,11/2/2015,1.15319,
3wk,region4,2015/2016,11/9/2015,1.33627,
3wk,region4,2015/2016,11/16/2015,1.67671,
3wk,region4,2015/2016,11/23/2015,1.38019,
3wk,region4,2015/2016,12/1/2015,1.39325,
3wk,region4,2015/2016,12/7/2015,1.54031,
3wk,region4,2015/2016,12/14/2015,1.91839,
3wk,region4,2015/2016,12/21/2015,1.79477,
3wk,region4,2015/2016,12/30/2015,1.42303,
3wk,region4,2015/2016,1/6/2016,1.52679,
3wk,region4,2015/2016,1/11/2016,1.79656,
3wk,region4,2015/2016,1/18/2016,1.88048,
3wk,region4,2015/2016,1/25/2016,2.08757,
3wk,region4,2015/2016,2/1/2016,2.31665,
3wk,region4,2015/2016,2/8/2016,2.93945,
3wk,region4,2015/2016,2/15/2016,3.35558,
3wk,region4,2015/2016,2/22/2016,3.30622,
3wk,region4,2015/2016,2/29/2016,3.62199,
3wk,region4,2015/2016,3/7/2016,2.89248,
3wk,region4,2015/2016,3/14/2016,2.78744,
3wk,region4,2015/2016,3/21/2016,2.67521,
3wk,region4,2015/2016,3/28/2016,2.14815,
3wk,region4,2015/2016,4/4/2016,2.03974,
3wk,region4,2015/2016,4/11/2016,2.02476,
3wk,region4,2015/2016,4/18/2016,1.80236,
3wk,region4,2015/2016,4/25/2016,1.69895,
3wk,region4,2015/2016,5/2/2016,1.42414,
3wk,region4,2015/2016,5/9/2016,1.22519,
3wk,region4,2015/2016,5/16/2016,1.08891,
4wk,region4,2015/2016,11/2/2015,1.33627,
4wk,region4,2015/2016,11/9/2015,1.67671,
4wk,region4,2015/2016,11/16/2015,1.38019,
4wk,region4,2015/2016,11/23/2015,1.39325,
4wk,region4,2015/2016,12/1/2015,1.54031,
4wk,region4,2015/2016,12/7/2015,1.91839,
4wk,region4,2015/2016,12/14/2015,1.79477,
4wk,region4,2015/2016,12/21/2015,1.42303,
4wk,region4,2015/2016,12/30/2015,1.52679,
4wk,region4,2015/2016,1/6/2016,1.79656,
4wk,region4,2015/2016,1/11/2016,1.88048,
4wk,region4,2015/2016,1/18/2016,2.08757,
4wk,region4,2015/2016,1/25/2016,2.31665,
4wk,region4,2015/2016,2/1/2016,2.93945,
4wk,region4,2015/2016,2/8/2016,3.35558,
4wk,region4,2015/2016,2/15/2016,3.30622,
4wk,region4,2015/2016,2/22/2016,3.62199,
4wk,region4,2015/2016,2/29/2016,2.89248,
4wk,region4,2015/2016,3/7/2016,2.78744,
4wk,region4,2015/2016,3/14/2016,2.67521,
4wk,region4,2015/2016,3/21/2016,2.14815,
4wk,region4,2015/2016,3/28/2016,2.03974,
4wk,region4,2015/2016,4/4/2016,2.02476,
4wk,region4,2015/2016,4/11/2016,1.80236,
4wk,region4,2015/2016,4/18/2016,1.69895,
4wk,region4,2015/2016,4/25/2016,1.42414,
4wk,region4,2015/2016,5/2/2016,1.22519,
4wk,region4,2015/2016,5/9/2016,1.08891,
4wk,region4,2015/2016,5/16/2016,1.1183,
1wk,region5,2015/2016,11/2/2015,1.03624,
1wk,region5,2015/2016,11/9/2015,1.21233,
1wk,region5,2015/2016,11/16/2015,1.30497,
1wk,region5,2015/2016,11/23/2015,1.24789,
1wk,region5,2015/2016,12/1/2015,1.43269,
1wk,region5,2015/2016,12/7/2015,1.14728,
1wk,region5,2015/2016,12/14/2015,1.38412,
1wk,region5,2015/2016,12/21/2015,1.45376,
1wk,region5,2015/2016,12/30/2015,1.8247,
1wk,region5,2015/2016,1/6/2016,1.73198,
1wk,region5,2015/2016,1/11/2016,1.40186,
1wk,region5,2015/2016,1/18/2016,1.35927,
1wk,region5,2015/2016,1/25/2016,1.40448,
1wk,region5,2015/2016,2/1/2016,1.41707,
1wk,region5,2015/2016,2/8/2016,1.55406,
1wk,region5,2015/2016,2/15/2016,1.79381,
1wk,region5,2015/2016,2/22/2016,2.13446,
1wk,region5,2015/2016,2/29/2016,2.616,
1wk,region5,2015/2016,3/7/2016,2.88536,
1wk,region5,2015/2016,3/14/2016,3.25898,
1wk,region5,2015/2016,3/21/2016,2.57104,
1wk,region5,2015/2016,3/28/2016,2.30659,
1wk,region5,2015/2016,4/4/2016,2.01179,
1wk,region5,2015/2016,4/11/2016,1.58815,
1wk,region5,2015/2016,4/18/2016,1.45641,
1wk,region5,2015/2016,4/25/2016,1.4738,
1wk,region5,2015/2016,5/2/2016,1.36717,
1wk,region5,2015/2016,5/9/2016,1.02271,
1wk,region5,2015/2016,5/16/2016,1.15197,
2wk,region5,2015/2016,11/2/2015,1.21233,
2wk,region5,2015/2016,11/9/2015,1.30497,
2wk,region5,2015/2016,11/16/2015,1.24789,
2wk,region5,2015/2016,11/23/2015,1.43269,
2wk,region5,2015/2016,12/1/2015,1.14728,
2wk,region5,2015/2016,12/7/2015,1.38412,
2wk,region5,2015/2016,12/14/2015,1.45376,
2wk,region5,2015/2016,12/21/2015,1.8247,
2wk,region5,2015/2016,12/30/2015,1.73198,
2wk,region5,2015/2016,1/6/2016,1.40186,
2wk,region5,2015/2016,1/11/2016,1.35927,
2wk,region5,2015/2016,1/18/2016,1.40448,
2wk,region5,2015/2016,1/25/2016,1.41707,
2wk,region5,2015/2016,2/1/2016,1.55406,
2wk,region5,2015/2016,2/8/2016,1.79381,
2wk,region5,2015/2016,2/15/2016,2.13446,
2wk,region5,2015/2016,2/22/2016,2.616,
2wk,region5,2015/2016,2/29/2016,2.88536,
2wk,region5,2015/2016,3/7/2016,3.25898,
2wk,region5,2015/2016,3/14/2016,2.57104,
2wk,region5,2015/2016,3/21/2016,2.30659,
2wk,region5,2015/2016,3/28/2016,2.01179,
2wk,region5,2015/2016,4/4/2016,1.58815,
2wk,region5,2015/2016,4/11/2016,1.45641,
2wk,region5,2015/2016,4/18/2016,1.4738,
2wk,region5,2015/2016,4/25/2016,1.36717,
2wk,region5,2015/2016,5/2/2016,1.02271,
2wk,region5,2015/2016,5/9/2016,1.15197,
2wk,region5,2015/2016,5/16/2016,1.01874,
3wk,region5,2015/2016,11/2/2015,1.30497,
3wk,region5,2015/2016,11/9/2015,1.24789,
3wk,region5,2015/2016,11/16/2015,1.43269,
3wk,region5,2015/2016,11/23/2015,1.14728,
3wk,region5,2015/2016,12/1/2015,1.38412,
3wk,region5,2015/2016,12/7/2015,1.45376,
3wk,region5,2015/2016,12/14/2015,1.8247,
3wk,region5,2015/2016,12/21/2015,1.73198,
3wk,region5,2015/2016,12/30/2015,1.40186,
3wk,region5,2015/2016,1/6/2016,1.35927,
3wk,region5,2015/2016,1/11/2016,1.40448,
3wk,region5,2015/2016,1/18/2016,1.41707,
3wk,region5,2015/2016,1/25/2016,1.55406,
3wk,region5,2015/2016,2/1/2016,1.79381,
3wk,region5,2015/2016,2/8/2016,2.13446,
3wk,region5,2015/2016,2/15/2016,2.616,
3wk,region5,2015/2016,2/22/2016,2.88536,
3wk,region5,2015/2016,2/29/2016,3.25898,
3wk,region5,2015/2016,3/7/2016,2.57104,
3wk,region5,2015/2016,3/14/2016,2.30659,
3wk,region5,2015/2016,3/21/2016,2.01179,
3wk,region5,2015/2016,3/28/2016,1.58815,
3wk,region5,2015/2016,4/4/2016,1.45641,
3wk,region5,2015/2016,4/11/2016,1.4738,
3wk,region5,2015/2016,4/18/2016,1.36717,
3wk,region5,2015/2016,4/25/2016,1.02271,
3wk,region5,2015/2016,5/2/2016,1.15197,
3wk,region5,2015/2016,5/9/2016,1.01874,
3wk,region5,2015/2016,5/16/2016,0.784403,
4wk,region5,2015/2016,11/2/2015,1.24789,
4wk,region5,2015/2016,11/9/2015,1.43269,
4wk,region5,2015/2016,11/16/2015,1.14728,
4wk,region5,2015/2016,11/23/2015,1.38412,
4wk,region5,2015/2016,12/1/2015,1.45376,
4wk,region5,2015/2016,12/7/2015,1.8247,
4wk,region5,2015/2016,12/14/2015,1.73198,
4wk,region5,2015/2016,12/21/2015,1.40186,
4wk,region5,2015/2016,12/30/2015,1.35927,
4wk,region5,2015/2016,1/6/2016,1.40448,
4wk,region5,2015/2016,1/11/2016,1.41707,
4wk,region5,2015/2016,1/18/2016,1.55406,
4wk,region5,2015/2016,1/25/2016,1.79381,
4wk,region5,2015/2016,2/1/2016,2.13446,
4wk,region5,2015/2016,2/8/2016,2.616,
4wk,region5,2015/2016,2/15/2016,2.88536,
4wk,region5,2015/2016,2/22/2016,3.25898,
4wk,region5,2015/2016,2/29/2016,2.57104,
4wk,region5,2015/2016,3/7/2016,2.30659,
4wk,region5,2015/2016,3/14/2016,2.01179,
4wk,region5,2015/2016,3/21/2016,1.58815,
4wk,region5,2015/2016,3/28/2016,1.45641,
4wk,region5,2015/2016,4/4/2016,1.4738,
4wk,region5,2015/2016,4/11/2016,1.36717,
4wk,region5,2015/2016,4/18/2016,1.02271,
4wk,region5,2015/2016,4/25/2016,1.15197,
4wk,region5,2015/2016,5/2/2016,1.01874,
4wk,region5,2015/2016,5/9/2016,0.784403,
4wk,region5,2015/2016,5/16/2016,0.87185,
1wk,region6,2015/2016,11/2/2015,3.09627,
1wk,region6,2015/2016,11/9/2015,3.04959,
1wk,region6,2015/2016,11/16/2015,3.46367,
1wk,region6,2015/2016,11/23/2015,3.44926,
1wk,region6,2015/2016,12/1/2015,4.21557,
1wk,region6,2015/2016,12/7/2015,3.90919,
1wk,region6,2015/2016,12/14/2015,4.00152,
1wk,region6,2015/2016,12/21/2015,4.07757,
1wk,region6,2015/2016,12/30/2015,4.54338,
1wk,region6,2015/2016,1/6/2016,4.98502,
1wk,region6,2015/2016,1/11/2016,4.10939,
1wk,region6,2015/2016,1/18/2016,3.82311,
1wk,region6,2015/2016,1/25/2016,4.07882,
1wk,region6,2015/2016,2/1/2016,4.49916,
1wk,region6,2015/2016,2/8/2016,4.44789,
1wk,region6,2015/2016,2/15/2016,5.13729,
1wk,region6,2015/2016,2/22/2016,5.63083,
1wk,region6,2015/2016,2/29/2016,4.45538,
1wk,region6,2015/2016,3/7/2016,4.74938,
1wk,region6,2015/2016,3/14/2016,4.42739,
1wk,region6,2015/2016,3/21/2016,3.87817,
1wk,region6,2015/2016,3/28/2016,3.63245,
1wk,region6,2015/2016,4/4/2016,3.32203,
1wk,region6,2015/2016,4/11/2016,2.8685,
1wk,region6,2015/2016,4/18/2016,3.14612,
1wk,region6,2015/2016,4/25/2016,2.95383,
1wk,region6,2015/2016,5/2/2016,2.80274,
1wk,region6,2015/2016,5/9/2016,2.69358,
1wk,region6,2015/2016,5/16/2016,2.29334,
2wk,region6,2015/2016,11/2/2015,3.04959,
2wk,region6,2015/2016,11/9/2015,3.46367,
2wk,region6,2015/2016,11/16/2015,3.44926,
2wk,region6,2015/2016,11/23/2015,4.21557,
2wk,region6,2015/2016,12/1/2015,3.90919,
2wk,region6,2015/2016,12/7/2015,4.00152,
2wk,region6,2015/2016,12/14/2015,4.07757,
2wk,region6,2015/2016,12/21/2015,4.54338,
2wk,region6,2015/2016,12/30/2015,4.98502,
2wk,region6,2015/2016,1/6/2016,4.10939,
2wk,region6,2015/2016,1/11/2016,3.82311,
2wk,region6,2015/2016,1/18/2016,4.07882,
2wk,region6,2015/2016,1/25/2016,4.49916,
2wk,region6,2015/2016,2/1/2016,4.44789,
2wk,region6,2015/2016,2/8/2016,5.13729,
2wk,region6,2015/2016,2/15/2016,5.63083,
2wk,region6,2015/2016,2/22/2016,4.45538,
2wk,region6,2015/2016,2/29/2016,4.74938,
2wk,region6,2015/2016,3/7/2016,4.42739,
2wk,region6,2015/2016,3/14/2016,3.87817,
2wk,region6,2015/2016,3/21/2016,3.63245,
2wk,region6,2015/2016,3/28/2016,3.32203,
2wk,region6,2015/2016,4/4/2016,2.8685,
2wk,region6,2015/2016,4/11/2016,3.14612,
2wk,region6,2015/2016,4/18/2016,2.95383,
2wk,region6,2015/2016,4/25/2016,2.80274,
2wk,region6,2015/2016,5/2/2016,2.69358,
2wk,region6,2015/2016,5/9/2016,2.29334,
2wk,region6,2015/2016,5/16/2016,2.33389,
3wk,region6,2015/2016,11/2/2015,3.46367,
3wk,region6,2015/2016,11/9/2015,3.44926,
3wk,region6,2015/2016,11/16/2015,4.21557,
3wk,region6,2015/2016,11/23/2015,3.90919,
3wk,region6,2015/2016,12/1/2015,4.00152,
3wk,region6,2015/2016,12/7/2015,4.07757,
3wk,region6,2015/2016,12/14/2015,4.54338,
3wk,region6,2015/2016,12/21/2015,4.98502,
3wk,region6,2015/2016,12/30/2015,4.10939,
3wk,region6,2015/2016,1/6/2016,3.82311,
3wk,region6,2015/2016,1/11/2016,4.07882,
3wk,region6,2015/2016,1/18/2016,4.49916,
3wk,region6,2015/2016,1/25/2016,4.44789,
3wk,region6,2015/2016,2/1/2016,5.13729,
3wk,region6,2015/2016,2/8/2016,5.63083,
3wk,region6,2015/2016,2/15/2016,4.45538,
3wk,region6,2015/2016,2/22/2016,4.74938,
3wk,region6,2015/2016,2/29/2016,4.42739,
3wk,region6,2015/2016,3/7/2016,3.87817,
3wk,region6,2015/2016,3/14/2016,3.63245,
3wk,region6,2015/2016,3/21/2016,3.32203,
3wk,region6,2015/2016,3/28/2016,2.8685,
3wk,region6,2015/2016,4/4/2016,3.14612,
3wk,region6,2015/2016,4/11/2016,2.95383,
3wk,region6,2015/2016,4/18/2016,2.80274,
3wk,region6,2015/2016,4/25/2016,2.69358,
3wk,region6,2015/2016,5/2/2016,2.29334,
3wk,region6,2015/2016,5/9/2016,2.33389,
3wk,region6,2015/2016,5/16/2016,2.39586,
4wk,region6,2015/2016,11/2/2015,3.44926,
4wk,region6,2015/2016,11/9/2015,4.21557,
4wk,region6,2015/2016,11/16/2015,3.90919,
4wk,region6,2015/2016,11/23/2015,4.00152,
4wk,region6,2015/2016,12/1/2015,4.07757,
4wk,region6,2015/2016,12/7/2015,4.54338,
4wk,region6,2015/2016,12/14/2015,4.98502,
4wk,region6,2015/2016,12/21/2015,4.10939,
4wk,region6,2015/2016,12/30/2015,3.82311,
4wk,region6,2015/2016,1/6/2016,4.07882,
4wk,region6,2015/2016,1/11/2016,4.49916,
4wk,region6,2015/2016,1/18/2016,4.44789,
4wk,region6,2015/2016,1/25/2016,5.13729,
4wk,region6,2015/2016,2/1/2016,5.63083,
4wk,region6,2015/2016,2/8/2016,4.45538,
4wk,region6,2015/2016,2/15/2016,4.74938,
4wk,region6,2015/2016,2/22/2016,4.42739,
4wk,region6,2015/2016,2/29/2016,3.87817,
4wk,region6,2015/2016,3/7/2016,3.63245,
4wk,region6,2015/2016,3/14/2016,3.32203,
4wk,region6,2015/2016,3/21/2016,2.8685,
4wk,region6,2015/2016,3/28/2016,3.14612,
4wk,region6,2015/2016,4/4/2016,2.95383,
4wk,region6,2015/2016,4/11/2016,2.80274,
4wk,region6,2015/2016,4/18/2016,2.69358,
4wk,region6,2015/2016,4/25/2016,2.29334,
4wk,region6,2015/2016,5/2/2016,2.33389,
4wk,region6,2015/2016,5/9/2016,2.39586,
4wk,region6,2015/2016,5/16/2016,2.14434,
1wk,region7,2015/2016,11/2/2015,0.854524,
1wk,region7,2015/2016,11/9/2015,1.15375,
1wk,region7,2015/2016,11/16/2015,1.20878,
1wk,region7,2015/2016,11/23/2015,1.05016,
1wk,region7,2015/2016,12/1/2015,1.31092,
1wk,region7,2015/2016,12/7/2015,0.95359,
1wk,region7,2015/2016,12/14/2015,0.912263,
1wk,region7,2015/2016,12/21/2015,1.19874,
1wk,region7,2015/2016,12/30/2015,1.39056,
1wk,region7,2015/2016,1/6/2016,1.55082,
1wk,region7,2015/2016,1/11/2016,1.41906,
1wk,region7,2015/2016,1/18/2016,1.1452,
1wk,region7,2015/2016,1/25/2016,1.15409,
1wk,region7,2015/2016,2/1/2016,1.175,
1wk,region7,2015/2016,2/8/2016,1.12489,
1wk,region7,2015/2016,2/15/2016,1.50883,
1wk,region7,2015/2016,2/22/2016,1.81036,
1wk,region7,2015/2016,2/29/2016,1.8449,
1wk,region7,2015/2016,3/7/2016,2.40642,
1wk,region7,2015/2016,3/14/2016,2.50362,
1wk,region7,2015/2016,3/21/2016,1.99971,
1wk,region7,2015/2016,3/28/2016,2.05839,
1wk,region7,2015/2016,4/4/2016,2.09375,
1wk,region7,2015/2016,4/11/2016,1.54483,
1wk,region7,2015/2016,4/18/2016,1.39301,
1wk,region7,2015/2016,4/25/2016,1.20827,
1wk,region7,2015/2016,5/2/2016,0.986163,
1wk,region7,2015/2016,5/9/2016,0.908619,
1wk,region7,2015/2016,5/16/2016,0.704888,
2wk,region7,2015/2016,11/2/2015,1.15375,
2wk,region7,2015/2016,11/9/2015,1.20878,
2wk,region7,2015/2016,11/16/2015,1.05016,
2wk,region7,2015/2016,11/23/2015,1.31092,
2wk,region7,2015/2016,12/1/2015,0.95359,
2wk,region7,2015/2016,12/7/2015,0.912263,
2wk,region7,2015/2016,12/14/2015,1.19874,
2wk,region7,2015/2016,12/21/2015,1.39056,
2wk,region7,2015/2016,12/30/2015,1.55082,
2wk,region7,2015/2016,1/6/2016,1.41906,
2wk,region7,2015/2016,1/11/2016,1.1452,
2wk,region7,2015/2016,1/18/2016,1.15409,
2wk,region7,2015/2016,1/25/2016,1.175,
2wk,region7,2015/2016,2/1/2016,1.12489,
2wk,region7,2015/2016,2/8/2016,1.50883,
2wk,region7,2015/2016,2/15/2016,1.81036,
2wk,region7,2015/2016,2/22/2016,1.8449,
2wk,region7,2015/2016,2/29/2016,2.40642,
2wk,region7,2015/2016,3/7/2016,2.50362,
2wk,region7,2015/2016,3/14/2016,1.99971,
2wk,region7,2015/2016,3/21/2016,2.05839,
2wk,region7,2015/2016,3/28/2016,2.09375,
2wk,region7,2015/2016,4/4/2016,1.54483,
2wk,region7,2015/2016,4/11/2016,1.39301,
2wk,region7,2015/2016,4/18/2016,1.20827,
2wk,region7,2015/2016,4/25/2016,0.986163,
2wk,region7,2015/2016,5/2/2016,0.908619,
2wk,region7,2015/2016,5/9/2016,0.704888,
2wk,region7,2015/2016,5/16/2016,0.59335,
3wk,region7,2015/2016,11/2/2015,1.20878,
3wk,region7,2015/2016,11/9/2015,1.05016,
3wk,region7,2015/2016,11/16/2015,1.31092,
3wk,region7,2015/2016,11/23/2015,0.95359,
3wk,region7,2015/2016,12/1/2015,0.912263,
3wk,region7,2015/2016,12/7/2015,1.19874,
3wk,region7,2015/2016,12/14/2015,1.39056,
3wk,region7,2015/2016,12/21/2015,1.55082,
3wk,region7,2015/2016,12/30/2015,1.41906,
3wk,region7,2015/2016,1/6/2016,1.1452,
3wk,region7,2015/2016,1/11/2016,1.15409,
3wk,region7,2015/2016,1/18/2016,1.175,
3wk,region7,2015/2016,1/25/2016,1.12489,
3wk,region7,2015/2016,2/1/2016,1.50883,
3wk,region7,2015/2016,2/8/2016,1.81036,
3wk,region7,2015/2016,2/15/2016,1.8449,
3wk,region7,2015/2016,2/22/2016,2.40642,
3wk,region7,2015/2016,2/29/2016,2.50362,
3wk,region7,2015/2016,3/7/2016,1.99971,
3wk,region7,2015/2016,3/14/2016,2.05839,
3wk,region7,2015/2016,3/21/2016,2.09375,
3wk,region7,2015/2016,3/28/2016,1.54483,
3wk,region7,2015/2016,4/4/2016,1.39301,
3wk,region7,2015/2016,4/11/2016,1.20827,
3wk,region7,2015/2016,4/18/2016,0.986163,
3wk,region7,2015/2016,4/25/2016,0.908619,
3wk,region7,2015/2016,5/2/2016,0.704888,
3wk,region7,2015/2016,5/9/2016,0.59335,
3wk,region7,2015/2016,5/16/2016,0.32297,
4wk,region7,2015/2016,11/2/2015,1.05016,
4wk,region7,2015/2016,11/9/2015,1.31092,
4wk,region7,2015/2016,11/16/2015,0.95359,
4wk,region7,2015/2016,11/23/2015,0.912263,
4wk,region7,2015/2016,12/1/2015,1.19874,
4wk,region7,2015/2016,12/7/2015,1.39056,
4wk,region7,2015/2016,12/14/2015,1.55082,
4wk,region7,2015/2016,12/21/2015,1.41906,
4wk,region7,2015/2016,12/30/2015,1.1452,
4wk,region7,2015/2016,1/6/2016,1.15409,
4wk,region7,2015/2016,1/11/2016,1.175,
4wk,region7,2015/2016,1/18/2016,1.12489,
4wk,region7,2015/2016,1/25/2016,1.50883,
4wk,region7,2015/2016,2/1/2016,1.81036,
4wk,region7,2015/2016,2/8/2016,1.8449,
4wk,region7,2015/2016,2/15/2016,2.40642,
4wk,region7,2015/2016,2/22/2016,2.50362,
4wk,region7,2015/2016,2/29/2016,1.99971,
4wk,region7,2015/2016,3/7/2016,2.05839,
4wk,region7,2015/2016,3/14/2016,2.09375,
4wk,region7,2015/2016,3/21/2016,1.54483,
4wk,region7,2015/2016,3/28/2016,1.39301,
4wk,region7,2015/2016,4/4/2016,1.20827,
4wk,region7,2015/2016,4/11/2016,0.986163,
4wk,region7,2015/2016,4/18/2016,0.908619,
4wk,region7,2015/2016,4/25/2016,0.704888,
4wk,region7,2015/2016,5/2/2016,0.59335,
4wk,region7,2015/2016,5/9/2016,0.32297,
4wk,region7,2015/2016,5/16/2016,0.395716,
1wk,region8,2015/2016,11/2/2015,0.612608,
1wk,region8,2015/2016,11/9/2015,0.721433,
1wk,region8,2015/2016,11/16/2015,0.744407,
1wk,region8,2015/2016,11/23/2015,0.776688,
1wk,region8,2015/2016,12/1/2015,0.997922,
1wk,region8,2015/2016,12/7/2015,0.725679,
1wk,region8,2015/2016,12/14/2015,0.891982,
1wk,region8,2015/2016,12/21/2015,0.895779,
1wk,region8,2015/2016,12/30/2015,1.15229,
1wk,region8,2015/2016,1/6/2016,1.51137,
1wk,region8,2015/2016,1/11/2016,1.11457,
1wk,region8,2015/2016,1/18/2016,1.1948,
1wk,region8,2015/2016,1/25/2016,1.223,
1wk,region8,2015/2016,2/1/2016,1.27726,
1wk,region8,2015/2016,2/8/2016,1.56575,
1wk,region8,2015/2016,2/15/2016,1.82146,
1wk,region8,2015/2016,2/22/2016,2.14436,
1wk,region8,2015/2016,2/29/2016,2.17828,
1wk,region8,2015/2016,3/7/2016,2.02175,
1wk,region8,2015/2016,3/14/2016,2.13339,
1wk,region8,2015/2016,3/21/2016,2.15504,
1wk,region8,2015/2016,3/28/2016,1.8562,
1wk,region8,2015/2016,4/4/2016,1.75798,
1wk,region8,2015/2016,4/11/2016,1.65459,
1wk,region8,2015/2016,4/18/2016,1.29455,
1wk,region8,2015/2016,4/25/2016,1.15101,
1wk,region8,2015/2016,5/2/2016,0.981887,
1wk,region8,2015/2016,5/9/2016,0.974622,
1wk,region8,2015/2016,5/16/2016,0.822481,
2wk,region8,2015/2016,11/2/2015,0.721433,
2wk,region8,2015/2016,11/9/2015,0.744407,
2wk,region8,2015/2016,11/16/2015,0.776688,
2wk,region8,2015/2016,11/23/2015,0.997922,
2wk,region8,2015/2016,12/1/2015,0.725679,
2wk,region8,2015/2016,12/7/2015,0.891982,
2wk,region8,2015/2016,12/14/2015,0.895779,
2wk,region8,2015/2016,12/21/2015,1.15229,
2wk,region8,2015/2016,12/30/2015,1.51137,
2wk,region8,2015/2016,1/6/2016,1.11457,
2wk,region8,2015/2016,1/11/2016,1.1948,
2wk,region8,2015/2016,1/18/2016,1.223,
2wk,region8,2015/2016,1/25/2016,1.27726,
2wk,region8,2015/2016,2/1/2016,1.56575,
2wk,region8,2015/2016,2/8/2016,1.82146,
2wk,region8,2015/2016,2/15/2016,2.14436,
2wk,region8,2015/2016,2/22/2016,2.17828,
2wk,region8,2015/2016,2/29/2016,2.02175,
2wk,region8,2015/2016,3/7/2016,2.13339,
2wk,region8,2015/2016,3/14/2016,2.15504,
2wk,region8,2015/2016,3/21/2016,1.8562,
2wk,region8,2015/2016,3/28/2016,1.75798,
2wk,region8,2015/2016,4/4/2016,1.65459,
2wk,region8,2015/2016,4/11/2016,1.29455,
2wk,region8,2015/2016,4/18/2016,1.15101,
2wk,region8,2015/2016,4/25/2016,0.981887,
2wk,region8,2015/2016,5/2/2016,0.974622,
2wk,region8,2015/2016,5/9/2016,0.822481,
2wk,region8,2015/2016,5/16/2016,0.743372,
3wk,region8,2015/2016,11/2/2015,0.744407,
3wk,region8,2015/2016,11/9/2015,0.776688,
3wk,region8,2015/2016,11/16/2015,0.997922,
3wk,region8,2015/2016,11/23/2015,0.725679,
3wk,region8,2015/2016,12/1/2015,0.891982,
3wk,region8,2015/2016,12/7/2015,0.895779,
3wk,region8,2015/2016,12/14/2015,1.15229,
3wk,region8,2015/2016,12/21/2015,1.51137,
3wk,region8,2015/2016,12/30/2015,1.11457,
3wk,region8,2015/2016,1/6/2016,1.1948,
3wk,region8,2015/2016,1/11/2016,1.223,
3wk,region8,2015/2016,1/18/2016,1.27726,
3wk,region8,2015/2016,1/25/2016,1.56575,
3wk,region8,2015/2016,2/1/2016,1.82146,
3wk,region8,2015/2016,2/8/2016,2.14436,
3wk,region8,2015/2016,2/15/2016,2.17828,
3wk,region8,2015/2016,2/22/2016,2.02175,
3wk,region8,2015/2016,2/29/2016,2.13339,
3wk,region8,2015/2016,3/7/2016,2.15504,
3wk,region8,2015/2016,3/14/2016,1.8562,
3wk,region8,2015/2016,3/21/2016,1.75798,
3wk,region8,2015/2016,3/28/2016,1.65459,
3wk,region8,2015/2016,4/4/2016,1.29455,
3wk,region8,2015/2016,4/11/2016,1.15101,
3wk,region8,2015/2016,4/18/2016,0.981887,
3wk,region8,2015/2016,4/25/2016,0.974622,
3wk,region8,2015/2016,5/2/2016,0.822481,
3wk,region8,2015/2016,5/9/2016,0.743372,
3wk,region8,2015/2016,5/16/2016,0.748952,
4wk,region8,2015/2016,11/2/2015,0.776688,
4wk,region8,2015/2016,11/9/2015,0.997922,
4wk,region8,2015/2016,11/16/2015,0.725679,
4wk,region8,2015/2016,11/23/2015,0.891982,
4wk,region8,2015/2016,12/1/2015,0.895779,
4wk,region8,2015/2016,12/7/2015,1.15229,
4wk,region8,2015/2016,12/14/2015,1.51137,
4wk,region8,2015/2016,12/21/2015,1.11457,
4wk,region8,2015/2016,12/30/2015,1.1948,
4wk,region8,2015/2016,1/6/2016,1.223,
4wk,region8,2015/2016,1/11/2016,1.27726,
4wk,region8,2015/2016,1/18/2016,1.56575,
4wk,region8,2015/2016,1/25/2016,1.82146,
4wk,region8,2015/2016,2/1/2016,2.14436,
4wk,region8,2015/2016,2/8/2016,2.17828,
4wk,region8,2015/2016,2/15/2016,2.02175,
4wk,region8,2015/2016,2/22/2016,2.13339,
4wk,region8,2015/2016,2/29/2016,2.15504,
4wk,region8,2015/2016,3/7/2016,1.8562,
4wk,region8,2015/2016,3/14/2016,1.75798,
4wk,region8,2015/2016,3/21/2016,1.65459,
4wk,region8,2015/2016,3/28/2016,1.29455,
4wk,region8,2015/2016,4/4/2016,1.15101,
4wk,region8,2015/2016,4/11/2016,0.981887,
4wk,region8,2015/2016,4/18/2016,0.974622,
4wk,region8,2015/2016,4/25/2016,0.822481,
4wk,region8,2015/2016,5/2/2016,0.743372,
4wk,region8,2015/2016,5/9/2016,0.748952,
4wk,region8,2015/2016,5/16/2016,0.739644,
1wk,region9,2015/2016,11/2/2015,1.68057,
1wk,region9,2015/2016,11/9/2015,1.85319,
1wk,region9,2015/2016,11/16/2015,1.78976,
1wk,region9,2015/2016,11/23/2015,2.04532,
1wk,region9,2015/2016,12/1/2015,2.3103,
1wk,region9,2015/2016,12/7/2015,2.00403,
1wk,region9,2015/2016,12/14/2015,2.0343,
1wk,region9,2015/2016,12/21/2015,2.12648,
1wk,region9,2015/2016,12/30/2015,2.80184,
1wk,region9,2015/2016,1/6/2016,3.03653,
1wk,region9,2015/2016,1/11/2016,2.42695,
1wk,region9,2015/2016,1/18/2016,2.40393,
1wk,region9,2015/2016,1/25/2016,2.64512,
1wk,region9,2015/2016,2/1/2016,2.82762,
1wk,region9,2015/2016,2/8/2016,3.24343,
1wk,region9,2015/2016,2/15/2016,3.96877,
1wk,region9,2015/2016,2/22/2016,4.3744,
1wk,region9,2015/2016,2/29/2016,3.93795,
1wk,region9,2015/2016,3/7/2016,3.84237,
1wk,region9,2015/2016,3/14/2016,3.80214,
1wk,region9,2015/2016,3/21/2016,3.33579,
1wk,region9,2015/2016,3/28/2016,3.00441,
1wk,region9,2015/2016,4/4/2016,2.79596,
1wk,region9,2015/2016,4/11/2016,2.25215,
1wk,region9,2015/2016,4/18/2016,2.04201,
1wk,region9,2015/2016,4/25/2016,1.77389,
1wk,region9,2015/2016,5/2/2016,1.76207,
1wk,region9,2015/2016,5/9/2016,1.82169,
1wk,region9,2015/2016,5/16/2016,1.53927,
2wk,region9,2015/2016,11/2/2015,1.85319,
2wk,region9,2015/2016,11/9/2015,1.78976,
2wk,region9,2015/2016,11/16/2015,2.04532,
2wk,region9,2015/2016,11/23/2015,2.3103,
2wk,region9,2015/2016,12/1/2015,2.00403,
2wk,region9,2015/2016,12/7/2015,2.0343,
2wk,region9,2015/2016,12/14/2015,2.12648,
2wk,region9,2015/2016,12/21/2015,2.80184,
2wk,region9,2015/2016,12/30/2015,3.03653,
2wk,region9,2015/2016,1/6/2016,2.42695,
2wk,region9,2015/2016,1/11/2016,2.40393,
2wk,region9,2015/2016,1/18/2016,2.64512,
2wk,region9,2015/2016,1/25/2016,2.82762,
2wk,region9,2015/2016,2/1/2016,3.24343,
2wk,region9,2015/2016,2/8/2016,3.96877,
2wk,region9,2015/2016,2/15/2016,4.3744,
2wk,region9,2015/2016,2/22/2016,3.93795,
2wk,region9,2015/2016,2/29/2016,3.84237,
2wk,region9,2015/2016,3/7/2016,3.80214,
2wk,region9,2015/2016,3/14/2016,3.33579,
2wk,region9,2015/2016,3/21/2016,3.00441,
2wk,region9,2015/2016,3/28/2016,2.79596,
2wk,region9,2015/2016,4/4/2016,2.25215,
2wk,region9,2015/2016,4/11/2016,2.04201,
2wk,region9,2015/2016,4/18/2016,1.77389,
2wk,region9,2015/2016,4/25/2016,1.76207,
2wk,region9,2015/2016,5/2/2016,1.82169,
2wk,region9,2015/2016,5/9/2016,1.53927,
2wk,region9,2015/2016,5/16/2016,1.54039,
3wk,region9,2015/2016,11/2/2015,1.78976,
3wk,region9,2015/2016,11/9/2015,2.04532,
3wk,region9,2015/2016,11/16/2015,2.3103,
3wk,region9,2015/2016,11/23/2015,2.00403,
3wk,region9,2015/2016,12/1/2015,2.0343,
3wk,region9,2015/2016,12/7/2015,2.12648,
3wk,region9,2015/2016,12/14/2015,2.80184,
3wk,region9,2015/2016,12/21/2015,3.03653,
3wk,region9,2015/2016,12/30/2015,2.42695,
3wk,region9,2015/2016,1/6/2016,2.40393,
3wk,region9,2015/2016,1/11/2016,2.64512,
3wk,region9,2015/2016,1/18/2016,2.82762,
3wk,region9,2015/2016,1/25/2016,3.24343,
3wk,region9,2015/2016,2/1/2016,3.96877,
3wk,region9,2015/2016,2/8/2016,4.3744,
3wk,region9,2015/2016,2/15/2016,3.93795,
3wk,region9,2015/2016,2/22/2016,3.84237,
3wk,region9,2015/2016,2/29/2016,3.80214,
3wk,region9,2015/2016,3/7/2016,3.33579,
3wk,region9,2015/2016,3/14/2016,3.00441,
3wk,region9,2015/2016,3/21/2016,2.79596,
3wk,region9,2015/2016,3/28/2016,2.25215,
3wk,region9,2015/2016,4/4/2016,2.04201,
3wk,region9,2015/2016,4/11/2016,1.77389,
3wk,region9,2015/2016,4/18/2016,1.76207,
3wk,region9,2015/2016,4/25/2016,1.82169,
3wk,region9,2015/2016,5/2/2016,1.53927,
3wk,region9,2015/2016,5/9/2016,1.54039,
3wk,region9,2015/2016,5/16/2016,1.43685,
4wk,region9,2015/2016,11/2/2015,2.04532,
4wk,region9,2015/2016,11/9/2015,2.3103,
4wk,region9,2015/2016,11/16/2015,2.00403,
4wk,region9,2015/2016,11/23/2015,2.0343,
4wk,region9,2015/2016,12/1/2015,2.12648,
4wk,region9,2015/2016,12/7/2015,2.80184,
4wk,region9,2015/2016,12/14/2015,3.03653,
4wk,region9,2015/2016,12/21/2015,2.42695,
4wk,region9,2015/2016,12/30/2015,2.40393,
4wk,region9,2015/2016,1/6/2016,2.64512,
4wk,region9,2015/2016,1/11/2016,2.82762,
4wk,region9,2015/2016,1/18/2016,3.24343,
4wk,region9,2015/2016,1/25/2016,3.96877,
4wk,region9,2015/2016,2/1/2016,4.3744,
4wk,region9,2015/2016,2/8/2016,3.93795,
4wk,region9,2015/2016,2/15/2016,3.84237,
4wk,region9,2015/2016,2/22/2016,3.80214,
4wk,region9,2015/2016,2/29/2016,3.33579,
4wk,region9,2015/2016,3/7/2016,3.00441,
4wk,region9,2015/2016,3/14/2016,2.79596,
4wk,region9,2015/2016,3/21/2016,2.25215,
4wk,region9,2015/2016,3/28/2016,2.04201,
4wk,region9,2015/2016,4/4/2016,1.77389,
4wk,region9,2015/2016,4/11/2016,1.76207,
4wk,region9,2015/2016,4/18/2016,1.82169,
4wk,region9,2015/2016,4/25/2016,1.53927,
4wk,region9,2015/2016,5/2/2016,1.54039,
4wk,region9,2015/2016,5/9/2016,1.43685,
4wk,region9,2015/2016,5/16/2016,1.38684,
1wk,us,2015/2016,11/2/2015,1.39238,
1wk,us,2015/2016,11/9/2015,1.47952,
1wk,us,2015/2016,11/16/2015,1.54546,
1wk,us,2015/2016,11/23/2015,1.64238,
1wk,us,2015/2016,12/1/2015,1.94444,
1wk,us,2015/2016,12/7/2015,1.72387,
1wk,us,2015/2016,12/14/2015,1.83466,
1wk,us,2015/2016,12/21/2015,1.92413,
1wk,us,2015/2016,12/30/2015,2.36367,
1wk,us,2015/2016,1/6/2016,2.46448,
1wk,us,2015/2016,1/11/2016,1.9951,
1wk,us,2015/2016,1/18/2016,2.04124,
1wk,us,2015/2016,1/25/2016,2.15824,
1wk,us,2015/2016,2/1/2016,2.28139,
1wk,us,2015/2016,2/8/2016,2.41851,
1wk,us,2015/2016,2/15/2016,2.84596,
1wk,us,2015/2016,2/22/2016,3.16601,
1wk,us,2015/2016,2/29/2016,3.18382,
1wk,us,2015/2016,3/7/2016,3.34967,
1wk,us,2015/2016,3/14/2016,3.5683,
1wk,us,2015/2016,3/21/2016,3.08262,
1wk,us,2015/2016,3/28/2016,2.79466,
1wk,us,2015/2016,4/4/2016,2.48194,
1wk,us,2015/2016,4/11/2016,2.1,
1wk,us,2015/2016,4/18/2016,2.00328,
1wk,us,2015/2016,4/25/2016,1.90477,
1wk,us,2015/2016,5/2/2016,1.7318,
1wk,us,2015/2016,5/9/2016,1.60558,
1wk,us,2015/2016,5/16/2016,1.40574,
2wk,us,2015/2016,11/2/2015,1.47952,
2wk,us,2015/2016,11/9/2015,1.54546,
2wk,us,2015/2016,11/16/2015,1.64238,
2wk,us,2015/2016,11/23/2015,1.94444,
2wk,us,2015/2016,12/1/2015,1.72387,
2wk,us,2015/2016,12/7/2015,1.83466,
2wk,us,2015/2016,12/14/2015,1.92413,
2wk,us,2015/2016,12/21/2015,2.36367,
2wk,us,2015/2016,12/30/2015,2.46448,
2wk,us,2015/2016,1/6/2016,1.9951,
2wk,us,2015/2016,1/11/2016,2.04124,
2wk,us,2015/2016,1/18/2016,2.15824,
2wk,us,2015/2016,1/25/2016,2.28139,
2wk,us,2015/2016,2/1/2016,2.41851,
2wk,us,2015/2016,2/8/2016,2.84596,
2wk,us,2015/2016,2/15/2016,3.16601,
2wk,us,2015/2016,2/22/2016,3.18382,
2wk,us,2015/2016,2/29/2016,3.34967,
2wk,us,2015/2016,3/7/2016,3.5683,
2wk,us,2015/2016,3/14/2016,3.08262,
2wk,us,2015/2016,3/21/2016,2.79466,
2wk,us,2015/2016,3/28/2016,2.48194,
2wk,us,2015/2016,4/4/2016,2.1,
2wk,us,2015/2016,4/11/2016,2.00328,
2wk,us,2015/2016,4/18/2016,1.90477,
2wk,us,2015/2016,4/25/2016,1.7318,
2wk,us,2015/2016,5/2/2016,1.60558,
2wk,us,2015/2016,5/9/2016,1.40574,
2wk,us,2015/2016,5/16/2016,1.33391,
3wk,us,2015/2016,11/2/2015,1.54546,
3wk,us,2015/2016,11/9/2015,1.64238,
3wk,us,2015/2016,11/16/2015,1.94444,
3wk,us,2015/2016,11/23/2015,1.72387,
3wk,us,2015/2016,12/1/2015,1.83466,
3wk,us,2015/2016,12/7/2015,1.92413,
3wk,us,2015/2016,12/14/2015,2.36367,
3wk,us,2015/2016,12/21/2015,2.46448,
3wk,us,2015/2016,12/30/2015,1.9951,
3wk,us,2015/2016,1/6/2016,2.04124,
3wk,us,2015/2016,1/11/2016,2.15824,
3wk,us,2015/2016,1/18/2016,2.28139,
3wk,us,2015/2016,1/25/2016,2.41851,
3wk,us,2015/2016,2/1/2016,2.84596,
3wk,us,2015/2016,2/8/2016,3.16601,
3wk,us,2015/2016,2/15/2016,3.18382,
3wk,us,2015/2016,2/22/2016,3.34967,
3wk,us,2015/2016,2/29/2016,3.5683,
3wk,us,2015/2016,3/7/2016,3.08262,
3wk,us,2015/2016,3/14/2016,2.79466,
3wk,us,2015/2016,3/21/2016,2.48194,
3wk,us,2015/2016,3/28/2016,2.1,
3wk,us,2015/2016,4/4/2016,2.00328,
3wk,us,2015/2016,4/11/2016,1.90477,
3wk,us,2015/2016,4/18/2016,1.7318,
3wk,us,2015/2016,4/25/2016,1.60558,
3wk,us,2015/2016,5/2/2016,1.40574,
3wk,us,2015/2016,5/9/2016,1.33391,
3wk,us,2015/2016,5/16/2016,1.22655,
4wk,us,2015/2016,11/2/2015,1.64238,
4wk,us,2015/2016,11/9/2015,1.94444,
4wk,us,2015/2016,11/16/2015,1.72387,
4wk,us,2015/2016,11/23/2015,1.83466,
4wk,us,2015/2016,12/1/2015,1.92413,
4wk,us,2015/2016,12/7/2015,2.36367,
4wk,us,2015/2016,12/14/2015,2.46448,
4wk,us,2015/2016,12/21/2015,1.9951,
4wk,us,2015/2016,12/30/2015,2.04124,
4wk,us,2015/2016,1/6/2016,2.15824,
4wk,us,2015/2016,1/11/2016,2.28139,
4wk,us,2015/2016,1/18/2016,2.41851,
4wk,us,2015/2016,1/25/2016,2.84596,
4wk,us,2015/2016,2/1/2016,3.16601,
4wk,us,2015/2016,2/8/2016,3.18382,
4wk,us,2015/2016,2/15/2016,3.34967,
4wk,us,2015/2016,2/22/2016,3.5683,
4wk,us,2015/2016,2/29/2016,3.08262,
4wk,us,2015/2016,3/7/2016,2.79466,
4wk,us,2015/2016,3/14/2016,2.48194,
4wk,us,2015/2016,3/21/2016,2.1,
4wk,us,2015/2016,3/28/2016,2.00328,
4wk,us,2015/2016,4/4/2016,1.90477,
4wk,us,2015/2016,4/11/2016,1.7318,
4wk,us,2015/2016,4/18/2016,1.60558,
4wk,us,2015/2016,4/25/2016,1.40574,
4wk,us,2015/2016,5/2/2016,1.33391,
4wk,us,2015/2016,5/9/2016,1.22655,
4wk,us,2015/2016,5/16/2016,1.17957,
